StartDate	EndDate	Duration (in seconds)	Finished	RecordedDate	DistributionChannel	UserLanguage	Informed Consent 	ORIG A DIST_1	DP-M A DIST_1	DP-P A DIST_1	EQO-M A DIST_1	EQO-P A DIST_1	ORIG B DIST_1	DP-M B DIST_1	DP-P B DIST_1	EQO-M B DIST_1	EQO-P B DIST_1	ORIG A PROC SENS_1	DP-M A PROC SENS_1	DP-P A PROC SENS_1	EQO-M A PROC SENS_1	EQO-P A PROC SENS_1	ORIG B PROC SENS_1	DP-M B PROC SENS_1	DP-P B PROC SENS_1	EQO-M B PROC SENS_1	EQO-P B PROC SENS_1	ORIG A PROC NOSENS_1	DP-M A PROC NO SENS_1	DP-P A PROC NOSENS_1	EQO-M A PROC NO SENS_1	EQO-P PROC NOSENS_1	ORIG B PROC NO SENS_1	DP-M B PROC NOSENS_1	DP-P B PROC NO SENS_1	EQO-M B PROC NOSENS_1	EQO-P B PROC NOSENS_1	why fair/unfair 	AI/CS 	gender 	education
Start Date	End Date	Duration (in seconds)	Finished	Recorded Date	Distribution Channel	User Language	"Please read the statements below. 



I consent to the material I contribute being used to generate insights for the research project “Fairness of Algorithmic Decision-Making”.



I understand that my participation in this research is voluntary and that I may withdraw from the study at any time without providing a reason, and that if I withdraw any data already collected from me will be erased.



I consent to allow the fully anonymized data to be used in future publications and other scholarly means of disseminating the findings from the research project."	Do you think this algorithm is fair?	Do you think this algorithm is fair?	Do you think this algorithm is fair?	Do you think this algorithm is fair?	Do you think this algorithm is fair?	Do you think this algorithm is fair?	Do you think this algorithm is fair?	Do you think this algorithm is fair?	Do you think this algorithm is fair?	Do you think this algorithm is fair?	"Do you think this algorithm is fair?

 

The more +'s, the more important the algorithm considers this attribute in making its decisions."	"Do you think this algorithm is fair?

 

The more +'s, the more important the algorithm considers this attribute in making its decisions."	"Do you think this algorithm is fair?

 

The more +'s, the more important the algorithm considers this attribute in making its decisions."	"Do you think this algorithm is fair?

 
The more +'s, the more important the algorithm considers this attribute in making its decisions."	"Do you think this algorithm is fair?

 

The more +'s, the more important the algorithm considers this attribute in making its decisions."	"Do you think this algorithm is fair?

 

The more +'s, the more important the algorithm considers this attribute in making its decisions."	"Do you think this algorithm is fair?

 

The more +'s, the more important the algorithm considers this attribute in making its decisions."	"Do you think this algorithm is fair?


The more +'s, the more important the algorithm considers this attribute in making its decisions."	"Do you think this algorithm is fair?


The more +'s, the more important the algorithm considers this attribute in making its decisions."	"Do you think this algorithm is fair?

 

The more +'s, the more important the algorithm considers this attribute in making its decisions."	"Do you think this algorithm is fair?

 

The more +'s, the more important the algorithm considers this attribute in making its decisions."	"Do you think this algorithm is fair?

 

The more +'s, the more important the algorithm considers this attribute in making its decisions."	"Do you think this algorithm is fair?

 

The more +'s, the more important the algorithm considers this attribute in making its decisions."	"Do you think this algorithm is fair?

 
The more +'s, the more important the algorithm considers this attribute in making its decisions."	"Do you think this algorithm is fair?

 

The more +'s, the more important the algorithm considers this attribute in making its decisions."	"Do you think this algorithm is fair?

 

The more +'s, the more important the algorithm considers this attribute in making its decisions."	"Do you think this algorithm is fair?

 

The more +'s, the more important the algorithm considers this attribute in making its decisions."	"Do you think this algorithm is fair?


The more +'s, the more important the algorithm considers this attribute in making its decisions."	"Do you think this algorithm is fair?


The more +'s, the more important the algorithm considers this attribute in making its decisions."	"Do you think this algorithm is fair?

 

The more +'s, the more important the algorithm considers this attribute in making its decisions."	In the previous questions, which factors did you consider most important in determining whether a model was fair or unfair?	Do you have any experience with computer science and/or artificial intelligence?	To which gender identity do you most identify?	Which of these is the highest level of education you have completed?
"{""ImportId"":""startDate"",""timeZone"":""Europe/Amsterdam""}"	"{""ImportId"":""endDate"",""timeZone"":""Europe/Amsterdam""}"	"{""ImportId"":""duration""}"	"{""ImportId"":""finished""}"	"{""ImportId"":""recordedDate"",""timeZone"":""Europe/Amsterdam""}"	"{""ImportId"":""distributionChannel""}"	"{""ImportId"":""userLanguage""}"	"{""ImportId"":""QID1""}"	"{""ImportId"":""QID6_1""}"	"{""ImportId"":""QID9_1""}"	"{""ImportId"":""QID10_1""}"	"{""ImportId"":""QID11_1""}"	"{""ImportId"":""QID12_1""}"	"{""ImportId"":""QID7_1""}"	"{""ImportId"":""QID13_1""}"	"{""ImportId"":""QID14_1""}"	"{""ImportId"":""QID15_1""}"	"{""ImportId"":""QID16_1""}"	"{""ImportId"":""QID17_1""}"	"{""ImportId"":""QID18_1""}"	"{""ImportId"":""QID19_1""}"	"{""ImportId"":""QID20_1""}"	"{""ImportId"":""QID21_1""}"	"{""ImportId"":""QID22_1""}"	"{""ImportId"":""QID23_1""}"	"{""ImportId"":""QID24_1""}"	"{""ImportId"":""QID25_1""}"	"{""ImportId"":""QID26_1""}"	"{""ImportId"":""QID27_1""}"	"{""ImportId"":""QID28_1""}"	"{""ImportId"":""QID29_1""}"	"{""ImportId"":""QID30_1""}"	"{""ImportId"":""QID31_1""}"	"{""ImportId"":""QID32_1""}"	"{""ImportId"":""QID33_1""}"	"{""ImportId"":""QID34_1""}"	"{""ImportId"":""QID35_1""}"	"{""ImportId"":""QID36_1""}"	"{""ImportId"":""QID37_TEXT""}"	"{""ImportId"":""QID40_TEXT""}"	"{""ImportId"":""QID39""}"	"{""ImportId"":""QID42""}"
2023-01-26 10:53:51	2023-01-26 10:57:39	227	True	2023-01-26 10:57:39	anonymous	EN	I confirm that I have read and understood the above statements, and agree to participate in the study																					1	6	6	3	2						Even mix of employed gender 	No	Male	Technical/community college
2023-01-26 10:58:40	2023-01-26 11:00:54	134	True	2023-01-26 11:00:55	anonymous	EN	I confirm that I have read and understood the above statements, and agree to participate in the study											5	5	5	2	6																Gender has no roll in these algorithms. 	No	Male	Doctorate degree (PhD/other)
2023-01-26 10:58:48	2023-01-26 11:01:28	159	True	2023-01-26 11:01:29	anonymous	EN	I confirm that I have read and understood the above statements, and agree to participate in the study																										2	5	6	3	5	percentage of genders accepted	Computer science	Male	Technical/community college
2023-01-26 10:59:28	2023-01-26 11:01:42	134	True	2023-01-26 11:01:43	anonymous	EN	I confirm that I have read and understood the above statements, and agree to participate in the study	2	3	2	2	2																										type of data is collected and compared	GCSE Computer Science - A grade. Not further than that	Female	Technical/community college
2023-01-26 11:02:01	2023-01-26 11:05:09	187	True	2023-01-26 11:05:10	anonymous	EN	I confirm that I have read and understood the above statements, and agree to participate in the study						3	3	3	5	4																					the more overall ballanced	none	Male	High school diploma
2023-01-26 11:02:30	2023-01-26 11:06:09	219	True	2023-01-26 11:06:10	anonymous	EN	I confirm that I have read and understood the above statements, and agree to participate in the study																										2	1	1	5	4	% qualified, but not hired	No	Male	High school diploma
2023-01-26 11:00:16	2023-01-26 11:06:35	378	True	2023-01-26 11:06:35	anonymous	EN	I confirm that I have read and understood the above statements, and agree to participate in the study											3	4	2	2	5																percentage of hired out of total qualified in each gender	no	Female	High school diploma
2023-01-26 11:03:39	2023-01-26 11:07:49	250	True	2023-01-26 11:07:50	anonymous	EN	I confirm that I have read and understood the above statements, and agree to participate in the study																					2	3	4	2	2						Equality between genders. I don't find the attributes at all fair, though it depends on what they're hiring for	No	Female	High school diploma
2023-01-26 11:05:50	2023-01-26 11:09:08	197	True	2023-01-26 11:09:09	anonymous	EN	I confirm that I have read and understood the above statements, and agree to participate in the study	2	4	5	2	2																										The difference in the models 	No	Male	High school diploma
2023-01-26 11:07:37	2023-01-26 11:10:32	175	True	2023-01-26 11:10:32	anonymous	EN	I confirm that I have read and understood the above statements, and agree to participate in the study											4	6	5	5	6																I based it on how important it thought was gender 	No	Male	Technical/community college
2023-01-26 11:07:56	2023-01-26 11:11:22	205	True	2023-01-26 11:11:22	anonymous	EN	I confirm that I have read and understood the above statements, and agree to participate in the study																2	2	1	3	1											The number of qualified people of a specific gender not hired being much more than the percentage actually hired	Yes	Male	High school diploma
2023-01-26 11:10:15	2023-01-26 11:11:53	97	True	2023-01-26 11:11:53	anonymous	EN	I confirm that I have read and understood the above statements, and agree to participate in the study						6	5	5	5	2																					how many were qulaified but not hired of each gender	no	Female	High school diploma
2023-01-26 11:09:17	2023-01-26 11:12:11	174	True	2023-01-26 11:12:11	anonymous	EN	I confirm that I have read and understood the above statements, and agree to participate in the study																4	5	4	5	2											Whether the hired % of candidates was as equal as possible.	None	Female	Technical/community college
2023-01-26 11:10:58	2023-01-26 11:12:17	79	True	2023-01-26 11:12:18	anonymous	EN	I confirm that I have read and understood the above statements, and agree to participate in the study																										5	6	5	6	5	Education levels 	No	Female	Graduate degree (MA/MSc/Mphil/other)
2023-01-26 11:10:16	2023-01-26 11:13:19	183	True	2023-01-26 11:13:19	anonymous	EN	I confirm that I have read and understood the above statements, and agree to participate in the study																										2	2	3	5	6	The percentage of genders qualified but not hired 	Not really	Female	High school diploma
2023-01-26 11:11:49	2023-01-26 11:13:38	108	True	2023-01-26 11:13:39	anonymous	EN	I confirm that I have read and understood the above statements, and agree to participate in the study																					2	2	2	3	5						Percentages 	No	Female	High school diploma
2023-01-26 11:10:34	2023-01-26 11:13:56	201	True	2023-01-26 11:13:56	anonymous	EN	I confirm that I have read and understood the above statements, and agree to participate in the study											5	5	3	5	5																the plus's on the requirements for the role	no	Female	High school diploma
2023-01-26 11:11:05	2023-01-26 11:14:05	179	True	2023-01-26 11:14:05	anonymous	EN	I confirm that I have read and understood the above statements, and agree to participate in the study	1	1	1	1	1																										Any algorithm that hires/rejects based on gender is unfair 	No	Female	High school diploma
2023-01-26 11:12:43	2023-01-26 11:14:35	112	True	2023-01-26 11:14:35	anonymous	EN	I confirm that I have read and understood the above statements, and agree to participate in the study						1	5	3	3	1																					If they qualified but were not hired 	No	Female	Technical/community college
2023-01-26 11:09:07	2023-01-26 11:15:08	360	True	2023-01-26 11:15:08	anonymous	EN	I confirm that I have read and understood the above statements, and agree to participate in the study																					2	2	2	5	6						How many were hired compared to how many were qualified and not hired	No	Female	High school diploma
2023-01-26 11:09:06	2023-01-26 11:16:13	426	True	2023-01-26 11:16:13	anonymous	EN	I confirm that I have read and understood the above statements, and agree to participate in the study	1	5	3	3	3																										I believe fairness is when the most competent people are being selected, so there is a closer match between the groups performance and how many are hired	no	Male	High school diploma
2023-01-26 11:13:11	2023-01-26 11:16:18	187	True	2023-01-26 11:16:19	anonymous	EN	I confirm that I have read and understood the above statements, and agree to participate in the study																					2	3	1	3	6						The percentage hired vs the percentage not within each gender 	No	Female	Technical/community college
2023-01-26 11:13:11	2023-01-26 11:16:40	208	True	2023-01-26 11:16:40	anonymous	EN	I confirm that I have read and understood the above statements, and agree to participate in the study																3	3	3	6	6											Big difference between genders hired and not hired	No	Female	Technical/community college
2023-01-26 11:13:30	2023-01-26 11:16:47	197	True	2023-01-26 11:16:47	anonymous	EN	I confirm that I have read and understood the above statements, and agree to participate in the study						1	3	2	4	2																					How large the % of qualified but not hired was compared to the other gender, compared to the % of the actual gender hired	No	Male	Technical/community college
2023-01-26 11:13:53	2023-01-26 11:17:37	223	True	2023-01-26 11:17:37	anonymous	EN	I confirm that I have read and understood the above statements, and agree to participate in the study																										1	3	5	4	7	How many of gender a or b were hired and then how many had been rejected even though qualified 	No	Female	Undergraduate degree (BA/BSc/other)
2023-01-26 11:13:08	2023-01-26 11:17:38	269	True	2023-01-26 11:17:38	anonymous	EN	I confirm that I have read and understood the above statements, and agree to participate in the study	5	3	2	2	4																										how many qualified candidates were hired	no	Female	Technical/community college
2023-01-26 11:14:05	2023-01-26 11:18:14	248	True	2023-01-26 11:18:14	anonymous	EN	I confirm that I have read and understood the above statements, and agree to participate in the study																6	2	4	3	5											if it looked fair or not		Female	High school diploma
2023-01-26 11:16:41	2023-01-26 11:18:15	93	True	2023-01-26 11:18:15	anonymous	EN	I confirm that I have read and understood the above statements, and agree to participate in the study	3	4	5	5	3																										If it looked evan	No	Female	High school diploma
2023-01-26 11:15:38	2023-01-26 11:18:23	165	True	2023-01-26 11:18:24	anonymous	EN	I confirm that I have read and understood the above statements, and agree to participate in the study											1	4	5	4	2																% of qualified vs % hired	no	Female	High school diploma
2023-01-26 11:14:29	2023-01-26 11:18:33	244	True	2023-01-26 11:18:33	anonymous	EN	I confirm that I have read and understood the above statements, and agree to participate in the study																										4	3	3	4	6	level of those hired	no	Female	Technical/community college
2023-01-26 11:15:11	2023-01-26 11:18:35	204	True	2023-01-26 11:18:35	anonymous	EN	I confirm that I have read and understood the above statements, and agree to participate in the study											3	3	3	5	5																Gender and degrees 	No	Female	Technical/community college
2023-01-26 11:13:04	2023-01-26 11:18:36	331	True	2023-01-26 11:18:36	anonymous	EN	I confirm that I have read and understood the above statements, and agree to participate in the study																4	7	6	2	2											The comparison of how many are rejected from A compared to B and if there is a great difference or not 	No	Male	High school diploma
2023-01-26 11:16:16	2023-01-26 11:18:52	156	True	2023-01-26 11:18:53	anonymous	EN	I confirm that I have read and understood the above statements, and agree to participate in the study																3	3	3	4	5											Qualified or not 	No	Female	Undergraduate degree (BA/BSc/other)
2023-01-26 11:13:11	2023-01-26 11:19:08	356	True	2023-01-26 11:19:08	anonymous	EN	I confirm that I have read and understood the above statements, and agree to participate in the study																					1	1	2	1	1						spoken languages degree degree grade degree level	No	Male	High school diploma
2023-01-26 11:15:04	2023-01-26 11:19:34	270	True	2023-01-26 11:19:35	anonymous	EN	I confirm that I have read and understood the above statements, and agree to participate in the study	1	1	1	1	1																										The algorithm should not use gender 	No	Female	High school diploma
2023-01-26 11:16:29	2023-01-26 11:19:35	186	True	2023-01-26 11:19:35	anonymous	EN	I confirm that I have read and understood the above statements, and agree to participate in the study																										2	4	6	4	5	How equal the coloured bars were on the graph for the 2 genders	Not really	Female	High school diploma
2023-01-26 11:14:03	2023-01-26 11:19:50	346	True	2023-01-26 11:19:50	anonymous	EN	I confirm that I have read and understood the above statements, and agree to participate in the study																					5	3	5	3	3						The % variations between the genders that were hires 	No	Male	Technical/community college
2023-01-26 11:15:59	2023-01-26 11:20:09	250	True	2023-01-26 11:20:09	anonymous	EN	I confirm that I have read and understood the above statements, and agree to participate in the study																										2	3	4	3	3	The number of people hired from gender a vs gender b	No	Female	Technical/community college
2023-01-26 11:17:47	2023-01-26 11:20:43	176	True	2023-01-26 11:20:43	anonymous	EN	I confirm that I have read and understood the above statements, and agree to participate in the study						3	3	4	3	3																					The evenness of the outcomes.	No	Male	High school diploma
2023-01-26 11:16:56	2023-01-26 11:20:45	228	True	2023-01-26 11:20:45	anonymous	EN	I confirm that I have read and understood the above statements, and agree to participate in the study																										2	3	3	3	6	How many were qualified but not hired in comparison to the opposite sex	No	Female	High school diploma
2023-01-26 11:15:20	2023-01-26 11:21:07	346	True	2023-01-26 11:21:07	anonymous	EN	I confirm that I have read and understood the above statements, and agree to participate in the study						1	3	2	3	2																					The numbers qualified but rejected, compared to the numbers actually accepted.	No	Male	High school diploma
2023-01-26 11:16:53	2023-01-26 11:21:34	281	True	2023-01-26 11:21:35	anonymous	EN	I confirm that I have read and understood the above statements, and agree to participate in the study																					2	3	2	2	1						Equality between sexes	No	Female	Technical/community college
2023-01-26 11:17:11	2023-01-26 11:21:39	267	True	2023-01-26 11:21:39	anonymous	EN	I confirm that I have read and understood the above statements, and agree to participate in the study											5	6	6	3	3																Whether more gender got accepted a lot more than others	No	Male	Technical/community college
2023-01-26 11:16:19	2023-01-26 11:21:40	321	True	2023-01-26 11:21:40	anonymous	EN	I confirm that I have read and understood the above statements, and agree to participate in the study																2	3	2	5	5											The gender weighting vs. the outcome on gender hiring differences. 	No	Male	High school diploma
2023-01-26 11:19:18	2023-01-26 11:21:52	154	True	2023-01-26 11:21:53	anonymous	EN	I confirm that I have read and understood the above statements, and agree to participate in the study																										3	3	4	4	3	The split of gender being hired / rejected	No	Male	High school diploma
2023-01-26 11:19:30	2023-01-26 11:22:05	155	True	2023-01-26 11:22:06	anonymous	EN	I confirm that I have read and understood the above statements, and agree to participate in the study																					2	3	6	4	5						Speaking of languages 	No	Female	Technical/community college
2023-01-26 11:20:10	2023-01-26 11:22:15	125	True	2023-01-26 11:22:15	anonymous	EN	I confirm that I have read and understood the above statements, and agree to participate in the study																3	5	3	4	5											Levels of +++	Not really. Very basic 	Female	Technical/community college
2023-01-26 11:18:49	2023-01-26 11:22:36	227	True	2023-01-26 11:22:36	anonymous	EN	I confirm that I have read and understood the above statements, and agree to participate in the study																3	5	3	6	3											The percentage of candidates hired compared to the percentage that was qualified but I also took into account the other factors that were required of candidates	No	Female	Technical/community college
2023-01-26 11:12:57	2023-01-26 11:23:01	604	True	2023-01-26 11:23:02	anonymous	EN	I confirm that I have read and understood the above statements, and agree to participate in the study						2	2	2	3	3																					Percentage 	No 	Female	High school diploma
2023-01-26 11:16:22	2023-01-26 11:23:07	405	True	2023-01-26 11:23:08	anonymous	EN	I confirm that I have read and understood the above statements, and agree to participate in the study	2	3	3	5	5																										How rejection proportions compared with hired ratios	No	Male	High school diploma
2023-01-26 11:20:22	2023-01-26 11:23:10	168	True	2023-01-26 11:23:10	anonymous	EN	I confirm that I have read and understood the above statements, and agree to participate in the study																					4	6	5	6	6						disregard gender and based on uni degree level	no	Male	High school diploma
2023-01-26 11:13:18	2023-01-26 11:23:17	599	True	2023-01-26 11:23:18	anonymous	EN	I confirm that I have read and understood the above statements, and agree to participate in the study						1	3	1	3	3																					Proportions between genders of those qualified but not hired in comparison to the genders when hired	No	Female	High school diploma
2023-01-26 11:18:23	2023-01-26 11:23:41	317	True	2023-01-26 11:23:42	anonymous	EN	I confirm that I have read and understood the above statements, and agree to participate in the study											5	3	3	3	6																percentage between qualified and hired	no	Male	High school diploma
2023-01-26 11:19:33	2023-01-26 11:23:50	257	True	2023-01-26 11:23:51	anonymous	EN	I confirm that I have read and understood the above statements, and agree to participate in the study	2	3	3	3	3																										The disparity between the Gender before & after the recruitment process. eg how many were hired compared to expected	No	Male	Technical/community college
2023-01-26 11:17:28	2023-01-26 11:24:05	397	True	2023-01-26 11:24:06	anonymous	EN	I confirm that I have read and understood the above statements, and agree to participate in the study	2	3	3	2	2																										Gender 	No	Female	High school diploma
2023-01-26 11:14:55	2023-01-26 11:24:09	554	True	2023-01-26 11:24:10	anonymous	EN	I confirm that I have read and understood the above statements, and agree to participate in the study																					1	1	1	1	1						The attributes determine the fairness which is why I said completely unfair for all options. Attributes that rely on specific activities completed ignores the wealth of experience someone bring a to a role. Is fluency in multiple languages even valid for the role? Algorithms are only as good as the programmers, who have their own conscious and unconscious biases 	I have a low level understanding based on training my I have done at work about bias, and also spent time with some data scientists to understand better why test data is generally unreliable and can significantly skews output / create a confirmation bias 	Female	High school diploma
2023-01-26 11:18:55	2023-01-26 11:24:09	314	True	2023-01-26 11:24:10	anonymous	EN	I confirm that I have read and understood the above statements, and agree to participate in the study	1	1	1	1	1																										The percentage difference between those hired and not hired from those qualified	No	Female	Technical/community college
2023-01-26 11:20:45	2023-01-26 11:24:21	215	True	2023-01-26 11:24:21	anonymous	EN	I confirm that I have read and understood the above statements, and agree to participate in the study						2	5	6	3	3																					how equal the hired rate is aswell and as unhiree between gender a and b	no	Male	Technical/community college
2023-01-26 11:21:54	2023-01-26 11:24:32	158	True	2023-01-26 11:24:33	anonymous	EN	I confirm that I have read and understood the above statements, and agree to participate in the study	2	2	2	2	2																										the difference in percentage between those who qualified and those who qualified and were not hired	no	Female	Technical/community college
2023-01-26 11:22:48	2023-01-26 11:24:41	112	True	2023-01-26 11:24:41	anonymous	EN	I confirm that I have read and understood the above statements, and agree to participate in the study	2	3	4	3	4																										Whether qualified candidates were rejected	A limited amount	Female	Technical/community college
2023-01-26 11:20:55	2023-01-26 11:24:43	227	True	2023-01-26 11:24:43	anonymous	EN	I confirm that I have read and understood the above statements, and agree to participate in the study											4	4	6	4	4																all combined.	None	Female	High school diploma
2023-01-26 11:21:57	2023-01-26 11:24:47	170	True	2023-01-26 11:24:48	anonymous	EN	I confirm that I have read and understood the above statements, and agree to participate in the study											2	3	6	6	6																GENDER PERCENTAGES	NO	Female	Technical/community college
2023-01-26 11:22:21	2023-01-26 11:24:56	154	True	2023-01-26 11:24:56	anonymous	EN	I confirm that I have read and understood the above statements, and agree to participate in the study						3	3	3	5	5																					Qualifications	Ni	Female	High school diploma
2023-01-26 11:22:20	2023-01-26 11:24:59	159	True	2023-01-26 11:24:59	anonymous	EN	I confirm that I have read and understood the above statements, and agree to participate in the study						2	3	7	1	3																					equality on being hired regardless of rejections	amature	Male	Technical/community college
2023-01-26 11:21:12	2023-01-26 11:25:01	229	True	2023-01-26 11:25:02	anonymous	EN	I confirm that I have read and understood the above statements, and agree to participate in the study																3	3	2	3	3											If the bars are equal or not 	No	Male	Technical/community college
2023-01-26 11:22:36	2023-01-26 11:25:04	147	True	2023-01-26 11:25:04	anonymous	EN	I confirm that I have read and understood the above statements, and agree to participate in the study																3	3	5	5	3											gender	no	Male	Technical/community college
2023-01-26 11:22:27	2023-01-26 11:25:07	160	True	2023-01-26 11:25:07	anonymous	EN	I confirm that I have read and understood the above statements, and agree to participate in the study																2	3	1	3	3											The percentages of hired and not hired by gender and whether it was proportional.	No	Male	Technical/community college
2023-01-26 11:21:59	2023-01-26 11:25:15	196	True	2023-01-26 11:25:16	anonymous	EN	I confirm that I have read and understood the above statements, and agree to participate in the study											1	1	1	1	1																Gender - why is that even a consideration?	no	Male	Technical/community college
2023-01-26 11:21:57	2023-01-26 11:25:16	198	True	2023-01-26 11:25:16	anonymous	EN	I confirm that I have read and understood the above statements, and agree to participate in the study																					4	6	6	6	5						Whether there was a huge discrepancy between the genders in % of candidates hired	No	Female	Technical/community college
2023-01-26 11:20:55	2023-01-26 11:25:39	283	True	2023-01-26 11:25:39	anonymous	EN	I confirm that I have read and understood the above statements, and agree to participate in the study																					3	3	3	3	3						Gender	No	Other	Technical/community college
2023-01-26 11:22:28	2023-01-26 11:25:59	210	True	2023-01-26 11:25:59	anonymous	EN	I confirm that I have read and understood the above statements, and agree to participate in the study						4	3	3	2	3																					Using algorithms to determine employability is intrinsically unfair.	No	Female	Technical/community college
2023-01-26 11:17:08	2023-01-26 11:26:01	532	True	2023-01-26 11:26:01	anonymous	EN	I confirm that I have read and understood the above statements, and agree to participate in the study	2	3	4	5	5																										the differences of amount	no	Female	Technical/community college
2023-01-26 11:22:01	2023-01-26 11:26:09	247	True	2023-01-26 11:26:09	anonymous	EN	I confirm that I have read and understood the above statements, and agree to participate in the study																										6	5	6	4	5	The overall percentage for each gender	no	Female	Technical/community college
2023-01-26 11:24:25	2023-01-26 11:26:15	110	True	2023-01-26 11:26:16	anonymous	EN	I confirm that I have read and understood the above statements, and agree to participate in the study																3	6	5	5	6											The difference between both genders	Yes	Female	Undergraduate degree (BA/BSc/other)
2023-01-26 11:23:25	2023-01-26 11:26:21	176	True	2023-01-26 11:26:22	anonymous	EN	I confirm that I have read and understood the above statements, and agree to participate in the study	2	4	3	2	2																										Percentage of people actually employed	No	Female	High school diploma
2023-01-26 11:23:18	2023-01-26 11:26:24	186	True	2023-01-26 11:26:25	anonymous	EN	I confirm that I have read and understood the above statements, and agree to participate in the study																										3	5	3	5	3	the percentage qualified but not selected	not much	Male	Technical/community college
2023-01-26 11:19:55	2023-01-26 11:26:28	392	True	2023-01-26 11:26:28	anonymous	EN	I confirm that I have read and understood the above statements, and agree to participate in the study											2	3	3	3	4																If a person is qualified that should determine whether they can do their job, not their gender	No	Female	Technical/community college
2023-01-26 11:24:34	2023-01-26 11:26:32	118	True	2023-01-26 11:26:33	anonymous	EN	I confirm that I have read and understood the above statements, and agree to participate in the study																										4	4	4	5	4	I mainly looked at the percentage of people who were qualified but still rejected. 	Yes	Male	High school diploma
2023-01-26 11:23:47	2023-01-26 11:26:38	171	True	2023-01-26 11:26:39	anonymous	EN	I confirm that I have read and understood the above statements, and agree to participate in the study											5	5	5	5	6																if they were qualified not their gender	no	Female	Technical/community college
2023-01-26 11:19:38	2023-01-26 11:26:47	429	True	2023-01-26 11:26:47	anonymous	EN	I confirm that I have read and understood the above statements, and agree to participate in the study						2	3	2	4	5																					How large the difference was between the genders and which seemed more biased towards a certain gender	No	Female	Technical/community college
2023-01-26 11:23:09	2023-01-26 11:26:48	219	True	2023-01-26 11:26:49	anonymous	EN	I confirm that I have read and understood the above statements, and agree to participate in the study											2	4	3	5	5																The balance in gender between hired and applicants as well as overall hire vs applicants across both genders	No	Male	Technical/community college
2023-01-26 11:23:33	2023-01-26 11:26:52	198	True	2023-01-26 11:26:53	anonymous	EN	I confirm that I have read and understood the above statements, and agree to participate in the study											3	1	2	4	5																The % of qualified but not hired	no	Male	Undergraduate degree (BA/BSc/other)
2023-01-26 11:23:45	2023-01-26 11:26:58	192	True	2023-01-26 11:26:58	anonymous	EN	I confirm that I have read and understood the above statements, and agree to participate in the study																					1	3	1	3	2						The proportionality between the % of those qualified but not hired and those actually hired.	None	Female	High school diploma
2023-01-26 11:22:57	2023-01-26 11:27:03	245	True	2023-01-26 11:27:03	anonymous	EN	I confirm that I have read and understood the above statements, and agree to participate in the study	3	5	6	4	5																										Number actually hired - perhaps they had a limit of people that they were willing to hire.	Very little	Female	High school diploma
2023-01-26 11:18:21	2023-01-26 11:27:06	524	True	2023-01-26 11:27:06	anonymous	EN	I confirm that I have read and understood the above statements, and agree to participate in the study																										3	3	3	5	5	the figures for the study, it seemed some people qualified but did not get accepted	very little	Female	Technical/community college
2023-01-26 11:25:16	2023-01-26 11:27:15	119	True	2023-01-26 11:27:15	anonymous	EN	I confirm that I have read and understood the above statements, and agree to participate in the study																										4	3	3	3	6	how many were not hired despite being qualified	no	Female	High school diploma
2023-01-26 11:23:41	2023-01-26 11:27:22	220	True	2023-01-26 11:27:22	anonymous	EN	I confirm that I have read and understood the above statements, and agree to participate in the study						5	1	2	4	7																					I looked more at the % rejected as I think this is more of an indicator of prejudice 	No	Male	High school diploma
2023-01-26 11:21:22	2023-01-26 11:27:44	381	True	2023-01-26 11:27:44	anonymous	EN	I confirm that I have read and understood the above statements, and agree to participate in the study																										5	6	5	5	5	If the algorithm judges on the same factors each time then the result is fair regardless of the genders hired	Diploma in computer science. Did not work with A.I	Male	High school diploma
2023-01-26 11:26:12	2023-01-26 11:27:47	95	True	2023-01-26 11:27:47	anonymous	EN	I confirm that I have read and understood the above statements, and agree to participate in the study	2	5	2	2	1																										the qualification - if they had the same but one gender was hired more then it is unfair	No	Female	High school diploma
2023-01-26 11:26:20	2023-01-26 11:28:08	108	True	2023-01-26 11:28:09	anonymous	EN	I confirm that I have read and understood the above statements, and agree to participate in the study																3	5	5	5	5											how many people were rejected based on gender 	yes	Female	High school diploma
2023-01-26 11:25:34	2023-01-26 11:28:09	155	True	2023-01-26 11:28:09	anonymous	EN	I confirm that I have read and understood the above statements, and agree to participate in the study	2	3	3	4	2																										Mix between both groups	None	Female	High school diploma
2023-01-26 11:25:06	2023-01-26 11:28:11	185	True	2023-01-26 11:28:12	anonymous	EN	I confirm that I have read and understood the above statements, and agree to participate in the study																1	5	5	2	6											The comparison of the people not hired and their gender vs those hired.	No	Female	Technical/community college
2023-01-26 11:25:25	2023-01-26 11:28:17	172	True	2023-01-26 11:28:18	anonymous	EN	I confirm that I have read and understood the above statements, and agree to participate in the study						2	3	5	3	3																					genderwise	no	Female	High school diploma
2023-01-26 11:24:26	2023-01-26 11:28:18	231	True	2023-01-26 11:28:18	anonymous	EN	I confirm that I have read and understood the above statements, and agree to participate in the study																					4	3	3	4	4						whether they were hired or not	no	Female	Technical/community college
2023-01-26 11:24:22	2023-01-26 11:28:20	237	True	2023-01-26 11:28:20	anonymous	EN	I confirm that I have read and understood the above statements, and agree to participate in the study						2	6	3	3	3																					Gender and the percentage hired	No	Female	Technical/community college
2023-01-26 11:23:48	2023-01-26 11:28:22	273	True	2023-01-26 11:28:22	anonymous	EN	I confirm that I have read and understood the above statements, and agree to participate in the study																					6	2	2	6	6						Qualified but not hired but clearly had knowledge	No	Female	Technical/community college
2023-01-26 11:25:53	2023-01-26 11:28:31	158	True	2023-01-26 11:28:32	anonymous	EN	I confirm that I have read and understood the above statements, and agree to participate in the study																										3	2	4	2	3	the percentage of gender a and gender b 	Small experience 	Female	High school diploma
2023-01-26 11:25:22	2023-01-26 11:28:34	192	True	2023-01-26 11:28:34	anonymous	EN	I confirm that I have read and understood the above statements, and agree to participate in the study																7	7	6	6	7											the 5 main attributes was the main thing I considered	I am a software developer	Male	High school diploma
2023-01-26 11:23:34	2023-01-26 11:28:52	318	True	2023-01-26 11:28:53	anonymous	EN	I confirm that I have read and understood the above statements, and agree to participate in the study						3	4	3	3	5																					Mainly whether there were any large percentage differences particularly on qualified but not hired 	No	Male	High school diploma
2023-01-26 11:24:32	2023-01-26 11:28:53	261	True	2023-01-26 11:28:54	anonymous	EN	I confirm that I have read and understood the above statements, and agree to participate in the study											2	2	2	5	5																The percentage qualified but not hired	No	Female	
2023-01-26 11:25:03	2023-01-26 11:28:58	234	True	2023-01-26 11:28:59	anonymous	EN	I confirm that I have read and understood the above statements, and agree to participate in the study						3	5	5	3	3																					The ratio of genders hired when considering the total applications (adding hired + not hired)	No	Female	Undergraduate degree (BA/BSc/other)
2023-01-26 11:25:17	2023-01-26 11:29:02	225	True	2023-01-26 11:29:02	anonymous	EN	I confirm that I have read and understood the above statements, and agree to participate in the study																					3	3	5	2	2						Based on how many genders there were compared to gender A and B when considerably more in one gender it seems very unfair	Not a lot 	Female	Technical/community college
2023-01-26 11:27:56	2023-01-26 11:29:13	76	True	2023-01-26 11:29:13	anonymous	EN	I confirm that I have read and understood the above statements, and agree to participate in the study																					5	3	5	5	3						how equal it was	no	Female	Technical/community college
2023-01-26 11:26:19	2023-01-26 11:29:15	176	True	2023-01-26 11:29:15	anonymous	EN	I confirm that I have read and understood the above statements, and agree to participate in the study																										5	5	4	5	6	The factor I considered the most important was the percentage of people that were qualified but still rejected	I have studied computer science at gcse and a level 	Male	High school diploma
2023-01-26 11:26:46	2023-01-26 11:29:19	153	True	2023-01-26 11:29:20	anonymous	EN	I confirm that I have read and understood the above statements, and agree to participate in the study	3	3	3	5	5																										The percentage that were qualified but not hired was the most important factor for me	Yes	Male	High school diploma
2023-01-26 11:23:34	2023-01-26 11:29:21	346	True	2023-01-26 11:29:21	anonymous	EN	I confirm that I have read and understood the above statements, and agree to participate in the study																					1	3	1	3	5						how many qualified but not hired candidates therew  here in each gender                  	no	Male	High school diploma
2023-01-26 11:27:28	2023-01-26 11:29:31	122	True	2023-01-26 11:29:31	anonymous	EN	I confirm that I have read and understood the above statements, and agree to participate in the study	3	3	3	3	2																										grouping based on gender is unfair generally	yes	Male	Technical/community college
2023-01-26 11:23:29	2023-01-26 11:29:39	369	True	2023-01-26 11:29:39	anonymous	EN	I confirm that I have read and understood the above statements, and agree to participate in the study																2	4	1	4	3											The fact it seemed to discriminate based on gender	Did computing A-Level	Male	High school diploma
2023-01-26 11:25:45	2023-01-26 11:29:42	236	True	2023-01-26 11:29:42	anonymous	EN	I confirm that I have read and understood the above statements, and agree to participate in the study											2	3	4	5	5																Gender bias	No	Female	High school diploma
2023-01-26 11:25:10	2023-01-26 11:29:50	280	True	2023-01-26 11:29:50	anonymous	EN	I confirm that I have read and understood the above statements, and agree to participate in the study	2	3	3	6	6																										I looked at how many had qualified against how many were hired. I tried to balance the ratios. 	Minimal.	Male	High school diploma
2023-01-26 11:24:41	2023-01-26 11:29:54	313	True	2023-01-26 11:29:55	anonymous	EN	I confirm that I have read and understood the above statements, and agree to participate in the study																										3	3	5	6	5	% qualified not hired 	No	Female	High school diploma
2023-01-26 11:25:32	2023-01-26 11:29:57	264	True	2023-01-26 11:29:57	anonymous	EN	I confirm that I have read and understood the above statements, and agree to participate in the study																1	1	1	1	1											Gender equality, hiring gender should not consider 	no	Female	High school diploma
2023-01-26 11:27:52	2023-01-26 11:30:08	135	True	2023-01-26 11:30:08	anonymous	EN	I confirm that I have read and understood the above statements, and agree to participate in the study																					5	5	3	3	3						Comparing the amount of candidates hired vs the amount of candidates interviewed	No	Male	High school diploma
2023-01-26 11:27:38	2023-01-26 11:30:14	156	True	2023-01-26 11:30:15	anonymous	EN	I confirm that I have read and understood the above statements, and agree to participate in the study											3	3	3	5	5																It was the amount qualified and not hired vs the amount hired 	Yes	Male	Technical/community college
2023-01-26 11:28:11	2023-01-26 11:30:28	136	True	2023-01-26 11:30:28	anonymous	EN	I confirm that I have read and understood the above statements, and agree to participate in the study											6	6	7	6	6																qualifications	no	Male	High school diploma
2023-01-26 11:26:33	2023-01-26 11:30:29	235	True	2023-01-26 11:30:29	anonymous	EN	I confirm that I have read and understood the above statements, and agree to participate in the study																										3	2	7	7	7	the percentage ofthose not hired against the percentage of gender	no	Female	High school diploma
2023-01-26 11:26:40	2023-01-26 11:30:35	235	True	2023-01-26 11:30:35	anonymous	EN	I confirm that I have read and understood the above statements, and agree to participate in the study						2	3	5	4	4																					The difference in % of people hired 	None	Female	Technical/community college
2023-01-26 11:25:27	2023-01-26 11:30:40	313	True	2023-01-26 11:30:40	anonymous	EN	I confirm that I have read and understood the above statements, and agree to participate in the study																					3	3	3	3	3						The columns showed inequality in hiring across the board which I thought was unfair	No	Male	High school diploma
2023-01-26 11:27:00	2023-01-26 11:30:43	222	True	2023-01-26 11:30:43	anonymous	EN	I confirm that I have read and understood the above statements, and agree to participate in the study											5	4	5	4	5																how much gender seemed to be considered	no	Female	High school diploma
2023-01-26 11:27:03	2023-01-26 11:30:47	223	True	2023-01-26 11:30:47	anonymous	EN	I confirm that I have read and understood the above statements, and agree to participate in the study																										2	7	2	7	7	The number of qualified but not hired candidates. If it was disproportionate I considered it unfair.	No	Male	High school diploma
2023-01-26 11:27:20	2023-01-26 11:30:51	210	True	2023-01-26 11:30:51	anonymous	EN	I confirm that I have read and understood the above statements, and agree to participate in the study						1	4	3	2	2																					Difference between how mant were qualified and not hired, and how many were hired	yes	Male	High school diploma
2023-01-26 11:29:34	2023-01-26 11:30:52	78	True	2023-01-26 11:30:52	anonymous	EN	I confirm that I have read and understood the above statements, and agree to participate in the study						5	5	3	4	5																					qualified members hired	yes	Male	High school diploma
2023-01-26 11:25:56	2023-01-26 11:30:54	297	True	2023-01-26 11:30:54	anonymous	EN	I confirm that I have read and understood the above statements, and agree to participate in the study						1	2	2	2	2																					The difference between the two numbers. eg if one was 17 and the other was 50 then that would be seen to be bias towards one side. A more balance number, say 25 and 30 would be seen as more fair.	no	Male	Technical/community college
2023-01-26 11:21:47	2023-01-26 11:31:01	554	True	2023-01-26 11:31:02	anonymous	EN	I confirm that I have read and understood the above statements, and agree to participate in the study																										6	6	6	5	6	languages spoken and degree level.  Not knowing the job title makes it very hard but I've taken it languages are required.	no	Female	Technical/community college
2023-01-26 11:26:54	2023-01-26 11:31:26	272	True	2023-01-26 11:31:27	anonymous	EN	I confirm that I have read and understood the above statements, and agree to participate in the study																1	6	6	5	3											what the difference between gender A's being hired and gender B's being hired and also the difference in the amounts these genders were rejected	yes	Other	High school diploma
2023-01-26 11:27:10	2023-01-26 11:31:33	262	True	2023-01-26 11:31:33	anonymous	EN	I confirm that I have read and understood the above statements, and agree to participate in the study	3	1	3	3	3																										The proportions of who was hired and who was qualified and not hired.	No	Male	High school diploma
2023-01-26 11:29:07	2023-01-26 11:31:39	151	True	2023-01-26 11:31:39	anonymous	EN	I confirm that I have read and understood the above statements, and agree to participate in the study																					2	5	6	4	2						equal percentage of genders hired	no	Female	Technical/community college
2023-01-26 11:25:09	2023-01-26 11:32:12	423	True	2023-01-26 11:32:12	anonymous	EN	I confirm that I have read and understood the above statements, and agree to participate in the study																2	6	2	5	6											The balance of the graph, representing the percentage of genders hired or rejected.	very little	Female	High school diploma
2023-01-26 11:29:53	2023-01-26 11:32:14	141	True	2023-01-26 11:32:15	anonymous	EN	I confirm that I have read and understood the above statements, and agree to participate in the study																3	2	3	5	6											Looking at how skewed the qualified but not hired numbers were	No	Male	High school diploma
2023-01-26 11:27:54	2023-01-26 11:32:29	275	True	2023-01-26 11:32:30	anonymous	EN	I confirm that I have read and understood the above statements, and agree to participate in the study											2	2	2	5	3																If one gender was hired or not hired a lot more significantly than the other, as gender was bottom of the list of attributes wanted, it seems this factor shouldn't present a major divide and should be fairly even.	A little coding experience and a consumer of AI products	Male	Undergraduate degree (BA/BSc/other)
2023-01-26 11:29:51	2023-01-26 11:32:49	177	True	2023-01-26 11:32:49	anonymous	EN	I confirm that I have read and understood the above statements, and agree to participate in the study																					4	4	3	5	2						I was looking at Gender bias	No	Male	Technical/community college
2023-01-26 11:30:10	2023-01-26 11:32:59	168	True	2023-01-26 11:33:00	anonymous	EN	I confirm that I have read and understood the above statements, and agree to participate in the study											3	3	3	2	2																I based it on whether A or B were equal and how important subjects were to the requirements 	No	Female	Technical/community college
2023-01-26 11:30:51	2023-01-26 11:33:04	133	True	2023-01-26 11:33:05	anonymous	EN	I confirm that I have read and understood the above statements, and agree to participate in the study																2	1	1	5	6											The number of people who were qualified but not hired	no	Male	High school diploma
2023-01-26 11:32:12	2023-01-26 11:33:06	54	True	2023-01-26 11:33:06	anonymous	EN	I confirm that I have read and understood the above statements, and agree to participate in the study						5	4	3	3	5																					Intuition 	No	Female	High school diploma
2023-01-26 11:28:12	2023-01-26 11:33:10	298	True	2023-01-26 11:33:10	anonymous	EN	I confirm that I have read and understood the above statements, and agree to participate in the study	2	2	2	1	1																										the percentage gap between genders selected	no	Male	High school diploma
2023-01-26 11:22:55	2023-01-26 11:33:21	626	True	2023-01-26 11:33:21	anonymous	EN	I confirm that I have read and understood the above statements, and agree to participate in the study											3	5	3	3	3																The statistics	No	Male	High school diploma
2023-01-26 11:31:27	2023-01-26 11:33:34	126	True	2023-01-26 11:33:35	anonymous	EN	I confirm that I have read and understood the above statements, and agree to participate in the study																										2	5	3	5	3	both number hired as well as those been qualified	little	Male	Technical/community college
2023-01-26 11:33:37	2023-01-26 11:33:42	5	True	2023-01-26 11:33:43	anonymous	EN	I do not consent to participating in this study																																		
2023-01-26 11:26:47	2023-01-26 11:33:42	414	True	2023-01-26 11:33:43	anonymous	EN	I confirm that I have read and understood the above statements, and agree to participate in the study																3	3	2	4	4											The balance of best qualified against the % of those actually hired.	None	Male	High school diploma
2023-01-26 11:30:14	2023-01-26 11:33:45	211	True	2023-01-26 11:33:46	anonymous	EN	I confirm that I have read and understood the above statements, and agree to participate in the study																										2	5	3	5	4	The gender difference	Not a massive amount	Male	Technical/community college
2023-01-26 11:30:31	2023-01-26 11:33:51	199	True	2023-01-26 11:33:51	anonymous	EN	I confirm that I have read and understood the above statements, and agree to participate in the study	1	1	1	1	1																										I considered the proportion of each gender being hired/not hired	No	Female	High school diploma
2023-01-26 11:28:41	2023-01-26 11:33:54	313	True	2023-01-26 11:33:55	anonymous	EN	I confirm that I have read and understood the above statements, and agree to participate in the study																					2	6	3	6	5						How many of a certain gender were not employed. 	No. 	Female	Technical/community college
2023-01-26 11:30:38	2023-01-26 11:33:57	198	True	2023-01-26 11:33:57	anonymous	EN	I confirm that I have read and understood the above statements, and agree to participate in the study	2	5	2	3	2																										whether the algorithms for those hired were in correlation with those who qualified for hire	no	Male	High school diploma
2023-01-26 11:31:22	2023-01-26 11:34:03	161	True	2023-01-26 11:34:04	anonymous	EN	I confirm that I have read and understood the above statements, and agree to participate in the study											1	3	2	3	3																how many were rejected for each gender, if it seemed too much. 	no	Female	High school diploma
2023-01-26 11:30:46	2023-01-26 11:34:09	203	True	2023-01-26 11:34:10	anonymous	EN	I confirm that I have read and understood the above statements, and agree to participate in the study																					3	3	2	3	3						Whether it was a similar result for genders a and b	None	Male	Technical/community college
2023-01-26 11:30:21	2023-01-26 11:34:16	235	True	2023-01-26 11:34:17	anonymous	EN	I confirm that I have read and understood the above statements, and agree to participate in the study																										3	6	4	5	5	I considered the University Grade and Highest Completed Degree to be the most important factors.	A little	Male	Technical/community college
2023-01-26 11:28:16	2023-01-26 11:34:17	360	True	2023-01-26 11:34:17	anonymous	EN	I confirm that I have read and understood the above statements, and agree to participate in the study																										6	5	4	6	6	What attributes the algorithm factored and the percentages on qualified but not hired vs hired 	Not much 	Female	High school diploma
2023-01-26 11:32:43	2023-01-26 11:34:20	96	True	2023-01-26 11:34:21	anonymous	EN	I confirm that I have read and understood the above statements, and agree to participate in the study						5	4	3	4	4																					The law of averages and the actual make up of society	No	Male	High school diploma
2023-01-26 11:29:54	2023-01-26 11:34:24	270	True	2023-01-26 11:34:24	anonymous	EN	I confirm that I have read and understood the above statements, and agree to participate in the study	1	3	5	5	2																										The ratio of hired to fired based on gender. if the gender amount of hired and fired were similar then it seems more fair, but if there was significantly higher fired but more hired for the other gender it seems unfair 	No	Male	Technical/community college
2023-01-26 11:30:32	2023-01-26 11:34:31	238	True	2023-01-26 11:34:31	anonymous	EN	I confirm that I have read and understood the above statements, and agree to participate in the study						2	6	7	5	7																					How many of each gender and how it showed on the graph	no	Female	High school diploma
2023-01-26 11:33:00	2023-01-26 11:34:32	91	True	2023-01-26 11:34:32	anonymous	EN	I confirm that I have read and understood the above statements, and agree to participate in the study											3	2	3	3	5																Length of the bar chart and amount of + 	No	Male	Undergraduate degree (BA/BSc/other)
2023-01-26 11:31:08	2023-01-26 11:34:48	220	True	2023-01-26 11:34:49	anonymous	EN	I confirm that I have read and understood the above statements, and agree to participate in the study	3	5	5	3	3																										The equality with which it hired genders, I was looking for an equal number of each gender.	Only using it.	Female	Technical/community college
2023-01-26 11:24:19	2023-01-26 11:34:49	629	True	2023-01-26 11:34:49	anonymous	EN	I confirm that I have read and understood the above statements, and agree to participate in the study						3	2	2	3	5																					The percentage of qualified people hired versus the percentage of qualified people disqualified	No	Female	Technical/community college
2023-01-26 11:30:24	2023-01-26 11:34:57	273	True	2023-01-26 11:34:58	anonymous	EN	I confirm that I have read and understood the above statements, and agree to participate in the study						1	3	2	4	3																					The disparity between genders based on how qualified they were compared to the hiring %age.	No	Male	Technical/community college
2023-01-26 11:30:32	2023-01-26 11:34:58	266	True	2023-01-26 11:34:58	anonymous	EN	I confirm that I have read and understood the above statements, and agree to participate in the study																1	3	2	3	2											The amount of the gender that was hired compared to not	No	Male	Technical/community college
2023-01-26 11:31:18	2023-01-26 11:34:58	219	True	2023-01-26 11:34:58	anonymous	EN	I confirm that I have read and understood the above statements, and agree to participate in the study						5	3	3	5	3																					The not hired outcome	no	Female	High school diploma
2023-01-26 11:30:53	2023-01-26 11:35:05	252	True	2023-01-26 11:35:06	anonymous	EN	I confirm that I have read and understood the above statements, and agree to participate in the study																					1	3	3	6	6						The comparison between the % of qualified candidates who were not hired for each gender compared to who was hired for each gender	I did a computing at GCSE and did coding during my year at Uni	Male	High school diploma
2023-01-26 11:32:07	2023-01-26 11:35:07	180	True	2023-01-26 11:35:08	anonymous	EN	I confirm that I have read and understood the above statements, and agree to participate in the study	4	2	2	2	7																										how many where qualified but not hired. I think i got lost though!	none	Female	High school diploma
2023-01-26 11:32:15	2023-01-26 11:35:15	179	True	2023-01-26 11:35:15	anonymous	EN	I confirm that I have read and understood the above statements, and agree to participate in the study																3	4	5	4	3											Mostly equal members of gender being hired. 	A little. 	Male	High school diploma
2023-01-26 11:32:32	2023-01-26 11:35:20	168	True	2023-01-26 11:35:21	anonymous	EN	I confirm that I have read and understood the above statements, and agree to participate in the study																										5	6	3	5	5	The amount of +	No	Female	High school diploma
2023-01-26 11:30:39	2023-01-26 11:35:34	294	True	2023-01-26 11:35:34	anonymous	EN	I confirm that I have read and understood the above statements, and agree to participate in the study																										2	5	6	2	2	equality	no	Female	Technical/community college
2023-01-26 11:32:39	2023-01-26 11:35:34	174	True	2023-01-26 11:35:35	anonymous	EN	I confirm that I have read and understood the above statements, and agree to participate in the study	2	5	4	3	3																										How close each bar was compared to being higher education or not	No	Male	High school diploma
2023-01-26 11:30:53	2023-01-26 11:35:39	286	True	2023-01-26 11:35:39	anonymous	EN	I confirm that I have read and understood the above statements, and agree to participate in the study																1	3	2	6	5											"Qualified but not hired, these should not show a gender bias; although without having what the other categories are it makes it a pretty wooly choice "	Yes 	Male	Undergraduate degree (BA/BSc/other)
2023-01-26 11:29:12	2023-01-26 11:35:52	400	True	2023-01-26 11:35:53	anonymous	EN	I confirm that I have read and understood the above statements, and agree to participate in the study																2	4	2	4	3											what percentage of qualified people were not hired and how that compared between gender a and gender b	No	Female	Technical/community college
2023-01-26 11:31:40	2023-01-26 11:35:53	252	True	2023-01-26 11:35:53	anonymous	EN	I confirm that I have read and understood the above statements, and agree to participate in the study																					5	1	3	2	3						The number hired vs qualified 	No	Female	Undergraduate degree (BA/BSc/other)
2023-01-26 11:31:54	2023-01-26 11:36:00	246	True	2023-01-26 11:36:00	anonymous	EN	I confirm that I have read and understood the above statements, and agree to participate in the study											3	4	5	3	4																The amount of each gender hired. It might be that more of one gender applied for the job, but if there was a close to even split in the number hired, that seemed the most fair	No	Male	High school diploma
2023-01-26 11:33:08	2023-01-26 11:36:00	172	True	2023-01-26 11:36:01	anonymous	EN	I confirm that I have read and understood the above statements, and agree to participate in the study											3	5	3	4	5																Use of gender as a factor	No	Male	High school diploma
2023-01-26 11:33:43	2023-01-26 11:36:08	145	True	2023-01-26 11:36:09	anonymous	EN	I confirm that I have read and understood the above statements, and agree to participate in the study											2	3	3	2	4																gender	no	Male	High school diploma
2023-01-26 11:30:53	2023-01-26 11:36:11	317	True	2023-01-26 11:36:11	anonymous	EN	I confirm that I have read and understood the above statements, and agree to participate in the study						1	3	2	3	5																					I balance it based on both sides of the chart, IE they may have a similar percentage hired, but if one gender had a significantly higher bar chart on the right side showing many unhired despite being qualified then that is unfair against that gender because it should be based on qualifications not gender	no.	Male	High school diploma
2023-01-26 11:31:28	2023-01-26 11:36:13	285	True	2023-01-26 11:36:13	anonymous	EN	I confirm that I have read and understood the above statements, and agree to participate in the study																4	3	3	2	3											languages and grades	no	Female	High school diploma
2023-01-26 11:32:08	2023-01-26 11:36:22	254	True	2023-01-26 11:36:23	anonymous	EN	I confirm that I have read and understood the above statements, and agree to participate in the study																					2	6	5	3	3						how many were right for the job regardless of gender - that's true equality if you hire someone based on value rather than sex	I have some knowledge of computer science and a bit of AI	Male	Technical/community college
2023-01-26 11:30:42	2023-01-26 11:36:27	345	True	2023-01-26 11:36:27	anonymous	EN	I confirm that I have read and understood the above statements, and agree to participate in the study																										5	6	4	6	5	The % of people hired	No	Female	Technical/community college
2023-01-26 11:34:30	2023-01-26 11:36:29	119	True	2023-01-26 11:36:29	anonymous	EN	I confirm that I have read and understood the above statements, and agree to participate in the study																					6	5	7	7	6						The factors including most qualified being the most pluses 	No	Female	Technical/community college
2023-01-26 11:32:21	2023-01-26 11:36:30	248	True	2023-01-26 11:36:30	anonymous	EN	I confirm that I have read and understood the above statements, and agree to participate in the study											5	5	3	5	5																Languages and qualifications	no	Female	Technical/community college
2023-01-26 11:31:28	2023-01-26 11:36:32	304	True	2023-01-26 11:36:33	anonymous	EN	I confirm that I have read and understood the above statements, and agree to participate in the study																					3	4	5	5	5						the number of plus on each	no	Female	Technical/community college
2023-01-26 11:34:37	2023-01-26 11:36:36	119	True	2023-01-26 11:36:37	anonymous	EN	I confirm that I have read and understood the above statements, and agree to participate in the study																4	2	2	5	4											the % of those qualified not hired in comparison to hired	no	Male	High school diploma
2023-01-26 11:34:29	2023-01-26 11:36:40	131	True	2023-01-26 11:36:40	anonymous	EN	I confirm that I have read and understood the above statements, and agree to participate in the study	1	1	1	1	1																										I don't find the process fair as I believe the candidate should have a formal interview rather than just basing the hire on grades and qualifications.	No	Female	Technical/community college
2023-01-26 11:33:52	2023-01-26 11:36:42	169	True	2023-01-26 11:36:42	anonymous	EN	I confirm that I have read and understood the above statements, and agree to participate in the study	2	2	5	5	5																										the qualified compared to unqualified 	no	Male	High school diploma
2023-01-26 11:33:04	2023-01-26 11:36:42	218	True	2023-01-26 11:36:43	anonymous	EN	I confirm that I have read and understood the above statements, and agree to participate in the study	3	5	3	6	6																										The ratio of qualified to hired - if more than double were qualified but not hired it was unfair	No	Female	High school diploma
2023-01-26 11:32:21	2023-01-26 11:36:56	275	True	2023-01-26 11:36:57	anonymous	EN	I confirm that I have read and understood the above statements, and agree to participate in the study																3	3	3	3	2											How even the factors seemed to be, but marked them all low as i don't see why gender would be an important factor 	no	Female	Technical/community college
2023-01-26 11:34:48	2023-01-26 11:37:13	144	True	2023-01-26 11:37:13	anonymous	EN	I confirm that I have read and understood the above statements, and agree to participate in the study																										5	6	5	5	5	I considered everything as it was all relevant. 	a little	Male	Technical/community college
2023-01-26 11:35:01	2023-01-26 11:37:15	134	True	2023-01-26 11:37:16	anonymous	EN	I confirm that I have read and understood the above statements, and agree to participate in the study	3	3	3	2	3																										The difference in percentages of genders hired	N/A	Female	Technical/community college
2023-01-26 11:34:28	2023-01-26 11:37:17	169	True	2023-01-26 11:37:18	anonymous	EN	I confirm that I have read and understood the above statements, and agree to participate in the study																										1	5	1	3	2	The contrast between how qualified the gender was compared to how often they were hired. Ideally, the qualified bar and the hired bar should be around the same	I have some experience with AI	Male	Technical/community college
2023-01-26 11:34:49	2023-01-26 11:37:24	155	True	2023-01-26 11:37:25	anonymous	EN	I confirm that I have read and understood the above statements, and agree to participate in the study						3	3	3	3	3																					gender equality	no	Female	Undergraduate degree (BA/BSc/other)
2023-01-26 11:12:48	2023-01-26 11:37:27	1479	True	2023-01-26 11:37:27	anonymous	EN	I confirm that I have read and understood the above statements, and agree to participate in the study											1	4	5	3	3																How many boys to girls were hired, compared to how many boys/girls were rejected	A little 	Female	High school diploma
2023-01-26 11:34:02	2023-01-26 11:37:27	205	True	2023-01-26 11:37:28	anonymous	EN	I confirm that I have read and understood the above statements, and agree to participate in the study																					2	3	6	2	2						The percentage of hired on the left	No	Male	High school diploma
2023-01-26 11:35:45	2023-01-26 11:37:32	106	True	2023-01-26 11:37:32	anonymous	EN	I confirm that I have read and understood the above statements, and agree to participate in the study	7	2	1	6	7																										Unhired percentages	No	Male	High school diploma
2023-01-26 11:35:10	2023-01-26 11:37:32	141	True	2023-01-26 11:37:32	anonymous	EN	I confirm that I have read and understood the above statements, and agree to participate in the study																										5	5	5	5	5	the qualifying attributes were most important	some	Male	High school diploma
2023-01-26 11:34:48	2023-01-26 11:37:35	166	True	2023-01-26 11:37:35	anonymous	EN	I confirm that I have read and understood the above statements, and agree to participate in the study											6	7	6	7	6																I looked at if it was based more on qualifications rather than gender specific info	no	Female	High school diploma
2023-01-26 11:29:08	2023-01-26 11:37:39	511	True	2023-01-26 11:37:40	anonymous	EN	I confirm that I have read and understood the above statements, and agree to participate in the study	2	5	2	5	2																										The ratio between the amount hired and not hired in relation to the different sex	No	Male	Technical/community college
2023-01-26 11:33:22	2023-01-26 11:37:45	263	True	2023-01-26 11:37:46	anonymous	EN	I confirm that I have read and understood the above statements, and agree to participate in the study						4	3	2	5	7																					The percentage of people hired who were qualified against the total number to start with - if there were less to start, there’d be a higher quantity told no	No	Female	High school diploma
2023-01-26 11:33:49	2023-01-26 11:37:54	245	True	2023-01-26 11:37:55	anonymous	EN	I confirm that I have read and understood the above statements, and agree to participate in the study																					4	2	2	6	6						dfferential between hired & not hired	no	Male	High school diploma
2023-01-26 11:33:28	2023-01-26 11:38:00	272	True	2023-01-26 11:38:00	anonymous	EN	I confirm that I have read and understood the above statements, and agree to participate in the study						5	6	5	5	7																					A more balanced selection from both groups. 	No	Male	High school diploma
2023-01-26 11:35:54	2023-01-26 11:38:02	128	True	2023-01-26 11:38:03	anonymous	EN	I confirm that I have read and understood the above statements, and agree to participate in the study																					2	3	6	5	3						How equal the number of genders hires were 	Nope	Female	High school diploma
2023-01-26 11:33:52	2023-01-26 11:38:20	267	True	2023-01-26 11:38:20	anonymous	EN	I confirm that I have read and understood the above statements, and agree to participate in the study											3	5	4	4	4																Degree grade	No	Female	High school diploma
2023-01-26 11:33:31	2023-01-26 11:38:24	293	True	2023-01-26 11:38:24	anonymous	EN	I confirm that I have read and understood the above statements, and agree to participate in the study						2	1	1	5	5																					Difference between genders when they are qualified but not hired.	No	Male	High school diploma
2023-01-26 11:36:06	2023-01-26 11:38:40	153	True	2023-01-26 11:38:41	anonymous	EN	I confirm that I have read and understood the above statements, and agree to participate in the study																3	3	3	3	3											Gender being an attribute on there at all	No	Male	High school diploma
2023-01-26 11:36:09	2023-01-26 11:38:41	152	True	2023-01-26 11:38:42	anonymous	EN	I confirm that I have read and understood the above statements, and agree to participate in the study						3	5	3	5	3																					I decided that whilst there was many qualified people the hird percentages had to reflect fairness in amount of people qualified	I work as a computer systems analyst so yes	Male	Undergraduate degree (BA/BSc/other)
2023-01-26 11:34:45	2023-01-26 11:38:44	239	True	2023-01-26 11:38:45	anonymous	EN	I confirm that I have read and understood the above statements, and agree to participate in the study											3	3	3	3	3																if they considered gender and participation in debate club	no	Female	Undergraduate degree (BA/BSc/other)
2023-01-26 11:36:06	2023-01-26 11:38:50	163	True	2023-01-26 11:38:50	anonymous	EN	I confirm that I have read and understood the above statements, and agree to participate in the study	2	3	3	2	2																										If one gender had a much higher recruitment rate, I deemed this to be unfair.	No	Male	Technical/community college
2023-01-26 11:36:55	2023-01-26 11:39:12	136	True	2023-01-26 11:39:12	anonymous	EN	I confirm that I have read and understood the above statements, and agree to participate in the study						1	2	7	3	3																					If the numbers between with sex was hired were wildly different	no	Male	Technical/community college
2023-01-26 11:28:33	2023-01-26 11:39:18	645	True	2023-01-26 11:39:19	anonymous	EN	I confirm that I have read and understood the above statements, and agree to participate in the study																										4	5	4	3	5	review the Amount o hires and what was most important desirable aspect i.e University grade	no	Male	High school diploma
2023-01-26 11:32:58	2023-01-26 11:39:22	384	True	2023-01-26 11:39:22	anonymous	EN	I confirm that I have read and understood the above statements, and agree to participate in the study																										3	5	3	4	5	I don't believe this kind of selection is fair in any circumstances 	No	Female	High school diploma
2023-01-26 11:35:23	2023-01-26 11:39:32	249	True	2023-01-26 11:39:32	anonymous	EN	I confirm that I have read and understood the above statements, and agree to participate in the study																										2	4	5	4	3	differences in hired vs qualified	no	Male	Technical/community college
2023-01-26 11:33:27	2023-01-26 11:39:33	365	True	2023-01-26 11:39:33	anonymous	EN	I confirm that I have read and understood the above statements, and agree to participate in the study																										3	3	3	3	3	I didn't think any of them were overly fair. I don't think an algorithm should be used to hire people. 	No 	Female	Technical/community college
2023-01-26 11:35:38	2023-01-26 11:39:51	252	True	2023-01-26 11:39:51	anonymous	EN	I confirm that I have read and understood the above statements, and agree to participate in the study											4	3	2	4	4																How many people of a gender got the job compared to the percentage that applied and didn’t get it	No	Male	High school diploma
2023-01-26 11:30:42	2023-01-26 11:39:57	554	True	2023-01-26 11:39:57	anonymous	EN	I confirm that I have read and understood the above statements, and agree to participate in the study																3	3	3	2	4											I looked at the % of each gender hired v the importance of gender on the graph. 	basic programming	Male	High school diploma
2023-01-26 11:36:11	2023-01-26 11:39:57	226	True	2023-01-26 11:39:57	anonymous	EN	I confirm that I have read and understood the above statements, and agree to participate in the study																					3	3	3	2	3						How big the % of qualified but not hired was	No	Male	High school diploma
2023-01-26 11:36:28	2023-01-26 11:39:57	208	True	2023-01-26 11:39:57	anonymous	EN	I confirm that I have read and understood the above statements, and agree to participate in the study	3	4	3	3	5																										basically the overall amount of people from all values 	none 	Male	High school diploma
2023-01-26 11:35:29	2023-01-26 11:39:59	269	True	2023-01-26 11:39:59	anonymous	EN	I confirm that I have read and understood the above statements, and agree to participate in the study											6	6	5	3	3																Qualified hired 	Partial	Male	Technical/community college
2023-01-26 11:35:14	2023-01-26 11:40:28	313	True	2023-01-26 11:40:28	anonymous	EN	I confirm that I have read and understood the above statements, and agree to participate in the study						1	1	1	2	1																					it seems like the left and right graphs should be similar. if there is a certain percentage of qualified personel of a particular gender who have not been hird then the same percentage should have been hired or qualified people have been overlooked for the sake of a veneer of equality. 	a little experience of ai	Male	High school diploma
2023-01-26 11:33:25	2023-01-26 11:40:32	427	True	2023-01-26 11:40:33	anonymous	EN	I confirm that I have read and understood the above statements, and agree to participate in the study																2	3	4	3	3											gender	self taught	Male	High school diploma
2023-01-26 11:38:00	2023-01-26 11:40:36	156	True	2023-01-26 11:40:37	anonymous	EN	I confirm that I have read and understood the above statements, and agree to participate in the study	1	2	1	2	1																										I looked at the numbers	no	Male	High school diploma
2023-01-26 11:33:53	2023-01-26 11:40:40	406	True	2023-01-26 11:40:40	anonymous	EN	I confirm that I have read and understood the above statements, and agree to participate in the study																3	3	4	3	3											How equal or balanced the percentages were	none	Female	High school diploma
2023-01-26 11:34:19	2023-01-26 11:40:56	396	True	2023-01-26 11:40:56	anonymous	EN	I confirm that I have read and understood the above statements, and agree to participate in the study						2	2	2	2	2																					That the both genders should be equally hired.	Only through news, indirectly.	Male	Technical/community college
2023-01-26 11:36:53	2023-01-26 11:40:57	243	True	2023-01-26 11:40:57	anonymous	EN	I confirm that I have read and understood the above statements, and agree to participate in the study																										6	5	4	6	6	The number of people being hired and the atributes that they were looking for	Not much	Male	Technical/community college
2023-01-26 11:35:59	2023-01-26 11:41:44	345	True	2023-01-26 11:41:44	anonymous	EN	I confirm that I have read and understood the above statements, and agree to participate in the study																3	5	3	5	5											% of qualified candidates who were not hired	No	Male	High school diploma
2023-01-26 11:35:28	2023-01-26 11:41:58	390	True	2023-01-26 11:41:59	anonymous	EN	I confirm that I have read and understood the above statements, and agree to participate in the study											1	2	2	6	3																The most important factor was the percentage of qualified applicants not hired, since it seemed that was where the bias was most obvious - percentage of applicants hired did not specify how many were qualified, so might just have reflected a gender imbalance in the pool of qualified applicants.	No qualifications or professional experience, just a layman's interest.	Male	High school diploma
2023-01-26 11:37:06	2023-01-26 11:42:53	346	True	2023-01-26 11:42:53	anonymous	EN	I confirm that I have read and understood the above statements, and agree to participate in the study											1	6	1	3	1																Membership of a debating society in earlier times as a criteria would never be fair	Some limited programming experience	Male	Technical/community college
2023-01-26 11:40:24	2023-01-26 11:42:57	153	True	2023-01-26 11:42:58	anonymous	EN	I confirm that I have read and understood the above statements, and agree to participate in the study																										2	1	1	6	5	How many of each gender was qualified but not hired.	No.	Male	High school diploma
2023-01-26 11:21:49	2023-01-26 11:43:53	1324	True	2023-01-26 11:43:54	anonymous	EN	I confirm that I have read and understood the above statements, and agree to participate in the study																					2	4	2	4	4						Mainly whether there was a much higher percentage of a certain gender who were qualified but not hired	No	Female	Technical/community college
2023-01-26 11:35:52	2023-01-26 11:45:08	555	True	2023-01-26 11:45:08	anonymous	EN	I confirm that I have read and understood the above statements, and agree to participate in the study																					6	3	3	6	6						The difference between the genders hired and not hired	yes	Male	Technical/community college
2023-01-26 11:36:10	2023-01-26 11:46:55	644	True	2023-01-26 11:46:55	anonymous	EN	I confirm that I have read and understood the above statements, and agree to participate in the study																					1	2	2	4	4						I concentrated on the number of qualified people that were not hired specifically the difference in them for the two genders.  I did consider the numbers for those actually hired, but this was secondary to those not hired.	No	Male	High school diploma
2023-01-26 11:35:10	2023-01-26 11:47:15	725	True	2023-01-26 11:47:16	anonymous	EN	I confirm that I have read and understood the above statements, and agree to participate in the study																2	6	7	6	6											how equal the genders were	a small amount	Male	Technical/community college
2023-01-26 11:27:46	2023-01-26 11:47:43	1197	True	2023-01-26 11:47:44	anonymous	EN	I confirm that I have read and understood the above statements, and agree to participate in the study																					3	5	3	4	3						The % for each gender, some had a big difference between genders hired	Yes a little but not at degree level	Male	High school diploma
2023-01-24 11:19:02	2023-01-24 11:22:48	225	True	2023-01-24 11:22:48	anonymous	EN	I confirm that I have read and understood the above statements, and agree to participate in the study																3	3	3	5	5											I considered the % of gender A & B that were not hired to determine if the model was fair.	A little.	Male	
2023-01-24 11:15:40	2023-01-24 11:21:22	342	True	2023-01-24 11:21:23	anonymous	EN	I confirm that I have read and understood the above statements, and agree to participate in the study																4	5	4	5	5											Gender	Ni	Female	